{
  "treesatai": [
    0.5388144254684448,
    0.6719674468040466
  ],
  "cloudsen12": [
    0.5892206430435181,
    0.7069313526153564
  ],
  "dynamic_earthnet": [
    0.1660756915807724,
    0.3561779260635376
  ],
  "forestnet": [
    0.4642497599124908,
    0.6082578301429749
  ],
  "spacenet2": [
    0.8431392908096313,
    0.8844738006591797
  ],
  "fotw": [
    0.5552823543548584,
    0.6179081797599792
  ],
  "caffe": [
    0.5596897006034851,
    0.7002602815628052
  ],
  "burn_scars": [
    0.6498024463653564,
    0.9017086625099182
  ],
  "pastis": [
    0.2038679122924804,
    0.43324875831604
  ],
  "benv2": [
    0.7138733267784119,
    0.7664718627929688
  ],
  "kuro_siwo": [
    0.3207171559333801,
    0.7027350068092346
  ],
  "spacenet7": [
    0.3912872672080993,
    0.6402554512023926
  ],
  "flair2": [
    0.4062314331531524,
    0.5503402948379517
  ],
  "biomassters": [
    0.9482341889789176,
    0.9600944613389646
  ],
  "so2sat": [
    0.5111562013626099,
    0.6541582345962524
  ],
  "everwatch": [
    0.2177008986473083,
    0.3155497610569
  ],
  "nzcattle": [
    0.2819505035877228,
    0.401744931936264
  ],
  "pastis_r": [
    0.084835797548294,
    0.1661437004804611
  ],
  "substation": [
    0.1244395673274993,
    0.2031933367252349
  ]
}